,nat,fgsm,pgd,cw,autopgd,mifgsm,fab,pgdl2,autopgdl2,epsilon_linf,epsilon_l2
0,0.8659,0.7649,0.7442,0.3028,0.6301,0.7419,0.8177,0.8211,0.67,0.03137254901960784,0.5
1,0.8659,0.7435,0.7311,0.3028,0.5555,0.7233,0.7475,0.8207,0.603,0.06274509803921569,1.0
2,0.8659,0.7235,0.7189,0.3028,0.4886,0.7182,0.6858,0.8194,0.5652,0.09411764705882353,1.5
3,0.8659,0.7066,0.7033,0.3028,0.4455,0.7182,0.6402,0.8187,0.5331,0.12549019607843137,2.0
